{"cameraMode":{"drawMode":0,"name":"Shaded","section":"Shading Mode"},"sceneLighting":false,"audioPlay":false,"sceneViewState":{"m_AlwaysRefresh":false,"showFog":true,"showSkybox":false,"showFlares":true,"showImageEffects":true,"showParticleSystems":true,"showVisualEffectGraphs":true,"m_FxEnabled":true},"in2DMode":false,"pivot":{"x":-12.172521591186524,"y":6.379544734954834,"z":17.73686981201172},"rotation":{"x":-0.058634813874959949,"y":-0.3145921230316162,"z":0.019438056275248529,"w":-0.9472719430923462},"size":16.725576400756837,"orthographic":false}