{"cameraMode":{"drawMode":0,"name":"Shaded","section":"Shading Mode"},"sceneLighting":true,"audioPlay":false,"sceneViewState":{"m_AlwaysRefresh":false,"showFog":true,"showSkybox":true,"showFlares":true,"showImageEffects":true,"showParticleSystems":true,"showVisualEffectGraphs":true,"m_FxEnabled":true},"in2DMode":false,"pivot":{"x":-37.383750915527347,"y":-4.1416401863098148,"z":36.36920928955078},"rotation":{"x":-0.18085446953773499,"y":0.31761667132377627,"z":-0.06185425445437431,"w":-0.9288190603256226},"size":34.73896789550781,"orthographic":false}