{"cameraMode":{"drawMode":0,"name":"Shaded","section":"Shading Mode"},"sceneLighting":true,"audioPlay":false,"sceneViewState":{"m_AlwaysRefresh":false,"showFog":true,"showSkybox":true,"showFlares":true,"showImageEffects":true,"showParticleSystems":true,"showVisualEffectGraphs":true,"m_FxEnabled":true},"in2DMode":false,"pivot":{"x":-72.85106658935547,"y":0.9210793972015381,"z":-15.645813941955567},"rotation":{"x":-0.16892202198505402,"y":-0.02897563762962818,"z":0.004968309309333563,"w":-0.985192596912384},"size":2.1307852268218996,"orthographic":false}