{"cameraMode":{"drawMode":0,"name":"Shaded","section":"Shading Mode"},"sceneLighting":true,"audioPlay":false,"sceneViewState":{"m_AlwaysRefresh":false,"showFog":true,"showSkybox":true,"showFlares":true,"showImageEffects":true,"showParticleSystems":true,"showVisualEffectGraphs":true,"m_FxEnabled":true},"in2DMode":false,"pivot":{"x":-14.382413864135743,"y":14.677513122558594,"z":-42.22807693481445},"rotation":{"x":-0.007568012457340956,"y":-0.2522009611129761,"z":0.0019364964682608843,"w":-0.9676852226257324},"size":0.6939190030097961,"orthographic":false}