{"cameraMode":{"drawMode":0,"name":"Shaded","section":"Shading Mode"},"sceneLighting":false,"audioPlay":false,"sceneViewState":{"m_AlwaysRefresh":false,"showFog":true,"showSkybox":false,"showFlares":true,"showImageEffects":true,"showParticleSystems":true,"showVisualEffectGraphs":true,"m_FxEnabled":true},"in2DMode":false,"pivot":{"x":-28.939998626708986,"y":17.669998168945314,"z":10.670000076293946},"rotation":{"x":0.04234670102596283,"y":-0.4251229763031006,"z":0.019918275997042657,"w":0.90398770570755},"size":16.725576400756837,"orthographic":false}